ball_id,value
18,69.08616583826783
35588,74.94761313250072
25032,66.61785799328382
36508,85.47609219338891
4005,58.79385791508832
26485,89.60027321971842
